{
    "rigToUse": 0,
    "targetFrameRate": 120,
    "reprojectionSettings": 0,
    "nativeShaderToUse": 0,
    "myOffsets": {
        "TranslationEyeToLeapMotion": {
            "x": -0.002040371298789978,
            "y": 0.07525337487459183,
            "z": 0.09259902685880661
        },
        "RotationEyeToLeapMotion": {
            "x": 0.04397745057940483,
            "y": 0.02938256785273552,
            "z": -0.08629350364208222,
            "w": 0.9948649406433106
        },
        "TranslationFromTracker": {
            "x": 0.0,
            "y": 0.0,
            "z": 0.0
        },
        "RotationFromTracker": {
            "x": 0.0,
            "y": 0.0,
            "z": 0.0,
            "w": 1.0
        },
        "RGBSensorTranslationFromTracker": {
            "x": 0.0,
            "y": 0.0,
            "z": 0.0
        },
        "RGBSensorRotationFromTracker": {
            "x": 0.0,
            "y": 0.0,
            "z": 0.0,
            "w": 1.0
        }
    },
    "v2CalibrationValues": {
        "left_uv_to_rect_x": [
            -0.7380832237124, 1.4289411887346186, -0.680054854796243, 0.34589155449300407, 0.1870340556036928, 0.10160922213245777, -0.1731946783513936, 0.16039228490212146, -0.115547809341428, -0.010042348618409663, 0.25782920306961, -0.1836589747801407, -0.06039559649143733, 0.41201528305909096, -0.527472573150843, 0.34255797915856634
        ],
        "left_uv_to_rect_y": [
            -0.5887112492684304, 0.35194784377578037, -0.5059350420723367, -0.02739993903475449, 1.2210599634189252, -0.541610679787933, 0.5200404050877121, -0.06068436047329388, -0.45760771471843276, 0.23943817884590285, -0.2945311824282967, 0.07683484195929734, 0.3401151596830043, -0.2797207540098886, 0.3184807880164109, -0.12026703256905463
        ],
        "right_uv_to_rect_x": [
           -0.7295929990684319, 1.9250381192930268, -1.1186617874269165, 0.6593552793801397, 0.22287650812389925, -1.2935468341167868, 1.2156295700478923, -0.8014788393234202, -0.29919342318445075, 1.2170955621377446, -1.3202940716989542, 0.8340373625487709, 0.06247907702861871, -0.41772922652038835, 0.5431353436734733, -0.34750195502093917
        ],
        "right_uv_to_rect_y": [
            -0.5044140724004571, 0.2227480312934722, -0.035897413477555734, 0.1326943210143583, 1.3120806469819724, -0.8996562844515386, 0.8996615052670848, -0.2807419011481156, -0.5433435452428321, 0.604950727168666, -0.7097996152249397, 0.32536875787315056, 0.33397147630408563, -0.2902894987546222, 0.36185245412325695, -0.15344164413445402
        ],
        "left_eye_offset": [
            0.0,
            0.0
        ],
        "right_eye_offset": [
            0.0,
            0.0
        ]
    },
    "v1CalibrationValues": {
        "leftEye": {
            "ellipseMinorAxis": 0.24494899809360505,
            "ellipseMajorAxis": 0.3099985122680664,
            "screenForward": {
                "x": 0.5140379071235657,
                "y": -0.2891080379486084,
                "z": 0.8075775504112244
            },
            "screenPosition": {
                "x": -0.07188151031732559,
                "y": -0.008429261855781079,
                "z": 0.026248455047607423
            },
            "eyePosition": {
                "x": -0.029943088069558145,
                "y": -0.003366167191416025,
                "z": -0.00427968380972743
            },
            "eyeRotation": {
                "x": 7.395533370627759e-32,
                "y": 1.7763568394002506e-15,
                "z": 1.1241009818395605e-14,
                "w": 1.0
            },
            "cameraProjection": {
                "x": -0.699999988079071,
                "y": 0.699999988079071,
                "z": 0.30000001192092898,
                "w": -1.399999976158142
            },
            "sphereToWorldSpace": {
                "e00": 0.05101080238819122,
                "e01": 0.06071346998214722,
                "e02": 0.29330453276634219,
                "e03": -0.11233785003423691,
                "e10": 0.0,
                "e11": 0.23695310950279237,
                "e12": -0.07855913043022156,
                "e13": 0.026850363239645959,
                "e20": -0.23957861959934236,
                "e21": 0.012927045114338398,
                "e22": 0.062450066208839419,
                "e23": -0.046845193952322009,
                "e30": 0.0,
                "e31": 0.0,
                "e32": 0.0,
                "e33": 1.0
            },
            "worldToScreenSpace": {
                "e00": 1.8454549312591553,
                "e01": 14.493172645568848,
                "e02": 4.013805866241455,
                "e03": 0.14946463704109193,
                "e10": -14.294207572937012,
                "e11": -0.6365562677383423,
                "e12": 8.87063980102539,
                "e13": -1.265695571899414,
                "e20": 0.5140379071235657,
                "e21": -0.2891080975532532,
                "e22": 0.8075775504112244,
                "e23": 0.013315193355083466,
                "e30": 0.0,
                "e31": 0.0,
                "e32": 0.0,
                "e33": 1.0
            }
        },
        "rightEye": {
            "ellipseMinorAxis": 0.24494899809360505,
            "ellipseMajorAxis": 0.3099985122680664,
            "screenForward": {
                "x": -0.42177313566207888,
                "y": -0.18166834115982057,
                "z": 0.8883152604103088
            },
            "screenPosition": {
                "x": 0.07054391503334046,
                "y": -0.009491059929132462,
                "z": 0.028982438147068025
            },
            "eyePosition": {
                "x": 0.029943088069558145,
                "y": -0.003366167191416025,
                "z": -0.00427968380972743
            },
            "eyeRotation": {
                "x": 7.395533370627759e-32,
                "y": 1.7763568394002506e-15,
                "z": 1.1241009818395605e-14,
                "w": 1.0
            },
            "cameraProjection": {
                "x": -0.699999988079071,
                "y": 0.699999988079071,
                "z": 0.30000001192092898,
                "w": -1.399999976158142
            },
            "sphereToWorldSpace": {
                "e00": 0.05101081356406212,
                "e01": -0.060713451355695727,
                "e02": -0.29330453276634219,
                "e03": 0.11538401991128922,
                "e10": 0.0,
                "e11": 0.23695312440395356,
                "e12": -0.07855910062789917,
                "e13": 0.025588704273104669,
                "e20": 0.23957861959934236,
                "e21": 0.0129270413890481,
                "e22": 0.062450066208839419,
                "e23": -0.04654233157634735,
                "e30": 0.0,
                "e31": 0.0,
                "e32": 0.0,
                "e33": 1.0
            },
            "worldToScreenSpace": {
                "e00": -1.1463184356689454,
                "e01": 14.899345397949219,
                "e02": 2.502774715423584,
                "e03": 0.1497398465871811,
                "e10": -15.211103439331055,
                "e11": 0.041456401348114017,
                "e12": -7.213770389556885,
                "e13": 1.2825169563293458,
                "e20": -0.42177313566207888,
                "e21": -0.18166831135749818,
                "e22": 0.8883152604103088,
                "e23": 0.002283765934407711,
                "e30": 0.0,
                "e31": 0.0,
                "e32": 0.0,
                "e33": 1.0
            }
        }
    },
    "displayWindowSettings": {
        "DisplayXLoc": 0,
        "DisplayYLoc": 1080,
        "DisplayWidth": 2880,
        "DisplayHeight": 1600,
        "EyeTextureWidth": 1600,
        "EyeTextureHeight": 1440
    },
    "sensorModuleCalibrations": {
        "camID": 0,
        "fx": 0.0,
        "fy": 0.0,
        "cx": 0.0,
        "cy": 0.0,